h3,places
89269615a6bffff,2
892696075d3ffff,1
8926960758bffff,2
8926960665bffff,2
89269615a3bffff,2
89269615bbbffff,8
89269615b87ffff,6
89269606637ffff,18
892696060dbffff,2
8926960646fffff,3
89269606093ffff,3
892696159abffff,11
892696159bbffff,2
89269615987ffff,10
89269614a03ffff,16
89269615c0bffff,1
892696151a3ffff,1
8926961420bffff,4
89269615d2fffff,4
89269615d03ffff,1
89269614acbffff,6
89269614b47ffff,5
89269614b0fffff,12
89269614bb3ffff,7
892696a962bffff,12
892696a9623ffff,4
892696a9013ffff,27
892696a9613ffff,3
89269614927ffff,1
892696a947bffff,7
892696a940bffff,26
892696a94c7ffff,45
892696a94d7ffff,19
89269614843ffff,7
89269614853ffff,2
89269614ea7ffff,2
89269614803ffff,1
89269614957ffff,1
892696149dbffff,6
89269614813ffff,1
892696148a3ffff,3
892696148b3ffff,1
89269614d7bffff,3
89269614c6bffff,1
89269614c4fffff,1
89269614cc7ffff,5
89269614c0fffff,1
8926961499bffff,2
8926961498fffff,7
89269614d73ffff,2
89269614d0bffff,2
89269614d27ffff,5
892696ab2dbffff,23
892696ab233ffff,22
892696ab2afffff,5
892696ab2d7ffff,28
892696ab297ffff,33
89269616b03ffff,1
892696ab653ffff,15
89269616b33ffff,2
892696ab36fffff,59
892696a869bffff,7
892696a806bffff,2
892696a8283ffff,1
892696a80d7ffff,19
892696a855bffff,1
892696ab003ffff,7
892696ab18bffff,2
892696ab0d7ffff,22
892696ab433ffff,1
892696aa243ffff,12
892696aa257ffff,3
892696aa20bffff,1
892696ab52fffff,3
892696ab5bbffff,5
89269614c93ffff,2
89269616a83ffff,2
89269616ab7ffff,1
89269616bc3ffff,1
89269616bc7ffff,2
892696169cbffff,2
89269616c6fffff,6
892696161b3ffff,20
89269616ccbffff,1
892696b9247ffff,5
892696ab4cbffff,1
892696065c3ffff,4
892696064a7ffff,1
892696065a3ffff,9
89269606597ffff,18
892696ab623ffff,109
892696ab60fffff,33
892696a9183ffff,46
892696142a3ffff,2
892696141c3ffff,1
892696076d7ffff,1
8926960292fffff,2
89269602917ffff,1
89269607417ffff,2
892696074d7ffff,1
89269615b2bffff,41
89269615b3bffff,42
89269615b23ffff,1
89269615bafffff,2
89269615aafffff,2
89269606657ffff,1
8926960660fffff,1
89269606617ffff,3
8926960644bffff,1
89269606463ffff,3
89269615983ffff,3
89269606417ffff,8
89269615997ffff,2
8926961589bffff,5
89269614233ffff,2
89269615d2bffff,2
89269615d17ffff,5
89269614acfffff,5
89269614a8bffff,4
89269614147ffff,5
89269606483ffff,8
89269614b67ffff,13
89269614b1bffff,5
8926961486fffff,3
89269614b97ffff,9
892696a9293ffff,8
892696a9677ffff,5
892696a960bffff,1
892696a9097ffff,40
89269614907ffff,6
892696a94dbffff,4
892696a948bffff,4
892696a9497ffff,34
89269614ab3ffff,6
8926961480bffff,4
89269614a93ffff,1
89269614eabffff,1
89269614d53ffff,3
89269614cb3ffff,2
8926961498bffff,1
892696ab20bffff,16
892696ab66bffff,41
892696ab287ffff,40
89269614d57ffff,2
89269614d13ffff,4
89269614d87ffff,9
892696ab65bffff,7
89269616b7bffff,3
89269616b37ffff,1
892696a8207ffff,2
892696a82c3ffff,3
892696a829bffff,1
892696a86c3ffff,1
892696a807bffff,2
892696a802fffff,4
892696a8077ffff,1
892696a846fffff,1
892696a808bffff,11
892696a809bffff,4
892696ab3cbffff,3
892696ab057ffff,37
892696ab153ffff,3
892696ab10bffff,3
892696ab037ffff,1
892696ab6a3ffff,14
892696ab46bffff,8
892696ab423ffff,1
892696ab197ffff,13
892696aa247ffff,2
892696aa34bffff,1
892696ab527ffff,1
89269616abbffff,3
89269616e6bffff,1
89269616e77ffff,2
89269616eabffff,12
8926961686fffff,4
89269616963ffff,4
89269616947ffff,18
8926961688bffff,1
89269616c93ffff,4
892696b936fffff,1
892696b92bbffff,2
892696b9063ffff,5
892696b906fffff,1
892696ab413ffff,1
8926960654bffff,1
892696064abffff,10
892696065dbffff,12
892696065cbffff,3
892696a92d3ffff,1
892696a964bffff,21
892696ab62fffff,55
892696ab6cbffff,18
892696ab61bffff,5
892696ab69bffff,4
892696a9197ffff,16
892696a9193ffff,3
892696a950fffff,1
89269616acfffff,3
89269616ac7ffff,1
89269602b37ffff,1
8926960290bffff,1
892696029bbffff,2
892696074afffff,2
89269615b67ffff,6
892696060d7ffff,1
892696066a3ffff,1
8926960643bffff,2
89269615923ffff,1
892696064cfffff,5
89269606413ffff,4
89269614a43ffff,6
89269615c0fffff,3
89269615c53ffff,2
89269615cdbffff,1
89269615c93ffff,4
89269614a1bffff,6
89269614babffff,7
892696a90dbffff,4
892696a90bbffff,23
892696a96b7ffff,5
892696149afffff,7
8926961487bffff,4
89269614953ffff,3
89269614837ffff,8
89269614c9bffff,1
89269614c87ffff,4
89269614d03ffff,1
89269614d37ffff,6
892696ab2abffff,17
892696ab643ffff,52
892696a825bffff,58
892696a8247ffff,27
892696a9527ffff,1
892696a8667ffff,6
892696a958bffff,2
892696a958fffff,3
892696a8663ffff,8
892696a860fffff,1
892696a861bffff,6
892696a86c7ffff,1
892696a8063ffff,1
892696a8003ffff,1
892696ab2a7ffff,1
892696ab2b7ffff,27
892696ab073ffff,12
892696ab02bffff,61
892696ab387ffff,8
892696ab027ffff,4
892696ab0c3ffff,36
892696ab08fffff,12
892696ab6b7ffff,13
892696ab44fffff,10
892696ab443ffff,112
892696ab50fffff,6
892696ab503ffff,9
892696ab5d3ffff,1
892696ab133ffff,1
892696ab1abffff,2
892696a84cbffff,78
892696aa21bffff,2
89269616bcfffff,3
89269616123ffff,7
892696161a3ffff,3
892696161b7ffff,2
892696b924fffff,7
89269616c97ffff,3
892696b9277ffff,5
892696b922bffff,6
892696b9223ffff,22
892696b9227ffff,2
892696b906bffff,2
892696ab417ffff,1
892696b9b67ffff,1
892696064afffff,4
89269606513ffff,4
892696065c7ffff,1
89269606503ffff,8
892696a92dbffff,1
892696ab627ffff,88
892696ab68bffff,5
892696a91d3ffff,11
892696a9187ffff,6
892696a9547ffff,1
892696a81c7ffff,1
892696aa033ffff,1
892696aa523ffff,1
8926961544fffff,1
89269614153ffff,24
89269614037ffff,3
8926961455bffff,1
892696140b7ffff,1
892696141a7ffff,3
892696aa483ffff,1
892696076dbffff,1
89269602ba7ffff,1
892696029a3ffff,2
89269615a47ffff,1
8926960759bffff,12
89269607597ffff,6
892696075b3ffff,1
89269615b07ffff,42
89269615a6fffff,1
89269615b8fffff,12
892696066abffff,1
892696066a7ffff,1
8926960645bffff,2
8926961596fffff,1
89269615943ffff,6
89269606457ffff,6
892696159a7ffff,4
8926960641bffff,7
89269615e67ffff,1
8926961588bffff,4
892696158a7ffff,1
89269614ac7ffff,14
89269614e77ffff,6
8926961430bffff,3
892696143c7ffff,3
89269614387ffff,1
89269614b6bffff,19
89269614b2fffff,24
89269614b17ffff,1
892696a9287ffff,2
892696a9297ffff,1
892696a90abffff,40
8926961493bffff,20
89269614903ffff,1
892696a94cbffff,25
892696a9463ffff,9
892696a9427ffff,12
892696a94cfffff,11
89269614823ffff,27
892696148abffff,10
89269614c53ffff,6
89269614ccbffff,3
89269614c23ffff,8
89269614c33ffff,3
89269614c97ffff,4
892696149bbffff,14
89269614997ffff,1
892696ab24bffff,9
892696ab217ffff,38
892696ab2cfffff,42
892696ab293ffff,32
89269614dcfffff,6
89269614d83ffff,12
89269614d93ffff,30
89269616b63ffff,4
89269616b2fffff,15
892696ab657ffff,34
892696a824bffff,27
892696a8217ffff,2
892696a82d3ffff,3
892696ab16bffff,4
892696a83d3ffff,32
892696a8033ffff,2
892696a81cbffff,2
892696ab06bffff,4
892696ab023ffff,1
892696ab02fffff,19
892696ab44bffff,49
892696a84c3ffff,1
892696ab183ffff,2
892696aa24fffff,5
892696aa273ffff,2
892696a8413ffff,1
892696ab53bffff,6
892696aa2cbffff,6
89269616a2bffff,11
89269616a2fffff,19
89269616ea3ffff,1
89269616b1bffff,13
89269616907ffff,3
892696161afffff,6
892696161c7ffff,5
89269616113ffff,3
89269616193ffff,2
89269616c83ffff,3
892696b9257ffff,4
892696b9267ffff,1
892696b922fffff,4
892696b93cbffff,2
892696b93c7ffff,1
892696b92c7ffff,7
892696b902fffff,2
892696ab4d7ffff,3
89269606097ffff,1
89269606507ffff,5
892696065b3ffff,23
892696ab617ffff,11
892696ab6d3ffff,21
892696ab613ffff,5
892696a9557ffff,9
8926961428bffff,2
8926960294fffff,12
8926960291bffff,1
89269602913ffff,3
89269615a4fffff,1
89269607433ffff,2
89269615a2bffff,1
89269615a0bffff,1
89269615833ffff,4
892696066afffff,2
89269615903ffff,6
892696064c3ffff,21
892696064d7ffff,13
89269615813ffff,2
892696158abffff,1
8926961512fffff,2
89269615cbbffff,1
89269614257ffff,4
89269615d07ffff,3
89269614e63ffff,3
89269614237ffff,7
89269614e03ffff,2
892696a9607ffff,3
892696a9033ffff,44
892696a9083ffff,18
892696a9087ffff,28
892696a942fffff,28
89269614933ffff,26
892696a942bffff,20
892696a9413ffff,3
8926961484bffff,5
89269614863ffff,21
89269614e2fffff,1
89269614e27ffff,2
89269614e3bffff,3
8926961483bffff,2
89269614ca3ffff,11
89269616b43ffff,2
892696ab247ffff,22
892696ab20fffff,5
892696ab283ffff,24
89269616b6fffff,1
892696a8243ffff,48
892696a8293ffff,1
892696a95d3ffff,12
892696ab30fffff,2
892696ab333ffff,13
892696a8643ffff,108
892696a860bffff,3
892696ab3abffff,16
892696ab3a3ffff,3
892696a83d7ffff,13
892696a82a3ffff,1
892696a8457ffff,2
892696ab043ffff,6
892696ab00fffff,7
892696ab14bffff,1
892696ab09bffff,16
892696ab6b3ffff,2
892696ab407ffff,1
892696ab0b7ffff,5
892696ab547ffff,28
892696a84cfffff,28
892696ab18fffff,1
892696ab1bbffff,1
892696ab517ffff,180
892696aa2dbffff,4
89269616a23ffff,16
89269616a33ffff,3
89269616aabffff,3
89269616e0bffff,1
89269616ba3ffff,1
89269616b83ffff,5
89269616873ffff,1
89269616977ffff,1
89269616817ffff,7
892696b9237ffff,8
892696b936bffff,1
892696b939bffff,1
892696b928bffff,1
892696b9073ffff,2
892696ab4dbffff,1
89269606083ffff,1
89269606423ffff,1
89269606433ffff,18
89269606553ffff,1
89269606587ffff,14
892696ab607ffff,228
892696ab6dbffff,7
892696ab68fffff,9
892696ab687ffff,6
892696aae6fffff,1
892696aa36bffff,1
892696142c7ffff,2
892696142a7ffff,2
89269602babffff,3
8926960290fffff,1
892696074a7ffff,3
8926960664bffff,1
89269615b2fffff,9
89269615b33ffff,18
89269615b53ffff,2
89269615b17ffff,4
8926961582bffff,2
89269615823ffff,3
89269615bb7ffff,2
8926961590bffff,8
89269615827ffff,2
89269615957ffff,3
89269615913ffff,3
892696159c7ffff,4
89269615917ffff,6
89269614a5bffff,1
89269615c2fffff,2
89269615c1bffff,1
89269615993ffff,2
89269615dcbffff,1
89269614e6fffff,5
89269614e47ffff,3
89269614303ffff,1
8926961414fffff,1
892696a9643ffff,2
89269614a2fffff,5
89269614a07ffff,1
89269614b3bffff,16
892696a96d3ffff,10
89269614b8fffff,8
89269614943ffff,2
892696a92d7ffff,2
892696a9043ffff,4
892696a900bffff,13
892696a9073ffff,3
8926961492bffff,35
892696a9473ffff,8
892696a941bffff,21
89269614a8fffff,2
89269614eafffff,10
892696148c7ffff,1
8926961482fffff,10
8926961480fffff,2
89269614c57ffff,8
89269614ddbffff,9
892696149b3ffff,4
892696ab24fffff,10
89269614d23ffff,18
892696ab2c3ffff,19
89269614d8bffff,6
89269614dabffff,3
89269616b67ffff,11
892696a952fffff,2
892696a866fffff,2
892696a95dbffff,12
892696ab33bffff,2
892696ab327ffff,36
892696a8297ffff,12
892696a8383ffff,10
892696a8007ffff,3
892696a862bffff,1
892696a80dbffff,1
892696a8683ffff,2
892696a8697ffff,2
892696a8087ffff,16
892696a8093ffff,3
892696ab237ffff,3
892696ab3cfffff,2
892696ab38fffff,10
892696ab39bffff,1
892696ab393ffff,1
892696ab07bffff,6
892696ab177ffff,20
892696ab4abffff,3
892696ab137ffff,20
892696ab13bffff,1
892696ab1b7ffff,2
892696ab523ffff,1
892696aa2c3ffff,1
892696aa637ffff,1
89269616a87ffff,2
89269616e2bffff,1
892696168abffff,1
89269616957ffff,2
89269616103ffff,7
8926961612fffff,5
89269616197ffff,2
892696b9273ffff,10
892696b923bffff,2
892696b9307ffff,1
892696b93dbffff,2
892696b93c3ffff,1
892696ab483ffff,1
89269606543ffff,1
8926960650fffff,10
89269606437ffff,1
892696065d7ffff,1
89269606517ffff,4
8926960659bffff,5
892696ab6cfffff,10
892696140a3ffff,1
89269616a7bffff,1
89269602bbbffff,1
8926960768bffff,1
89269615a57ffff,1
8926960743bffff,1
89269615b37ffff,3
89269615a37ffff,3
8926961595bffff,1
892696060d3ffff,2
8926960646bffff,2
89269615907ffff,4
892696064c7ffff,12
892696159b7ffff,11
89269614a67ffff,6
8926961427bffff,2
892696142abffff,3
89269615d6bffff,1
89269615d73ffff,1
89269614e57ffff,1
892696a96c3ffff,16
89269614b03ffff,1
8926961494fffff,1
892696a961bffff,2
892696a9603ffff,11
892696a90a3ffff,4
892696a909bffff,15
892696a908fffff,35
892696a90b3ffff,3
892696a96d7ffff,6
892696a9693ffff,10
892696a9447ffff,1
892696a9423ffff,14
892696a9417ffff,9
892696a9453ffff,1
892696ab267ffff,12
892696a9493ffff,28
89269614a17ffff,8
892696148c3ffff,1
89269614893ffff,7
89269614c1bffff,14
89269614c2fffff,10
89269614c8fffff,1
892696ab22bffff,20
892696ab207ffff,24
89269614dbbffff,3
89269616b3bffff,2
89269616b23ffff,3
89269616babffff,1
89269614db7ffff,21
892696a820fffff,8
892696ab32bffff,51
892696a8607ffff,2
892696a86d3ffff,1
892696a82a7ffff,1
892696a803bffff,2
892696a80d3ffff,6
892696a8443ffff,1
892696ab317ffff,1
892696ab38bffff,1
892696ab3b3ffff,9
892696ab10fffff,2
892696ab1c3ffff,1
892696ab19bffff,5
892696ab54bffff,1
892696ab57bffff,16
892696ab573ffff,44
892696ab5dbffff,3
892696ab1b3ffff,1
892696aa263ffff,1
892696aa253ffff,11
89269616a67ffff,2
89269616a37ffff,2
89269616aa7ffff,1
89269616a0bffff,1
89269616a1bffff,1
89269616e7bffff,4
89269616e07ffff,3
89269616ecfffff,1
89269616b17ffff,2
89269616b93ffff,6
89269616877ffff,2
8926961694fffff,2
89269616c3bffff,1
8926961618fffff,2
8926961652fffff,1
892696b927bffff,3
892696b92afffff,3
89269616cb7ffff,3
892696b931bffff,1
892696b9217ffff,2
892696b92b3ffff,5
89269606533ffff,2
89269606537ffff,5
8926960658fffff,2
89269615563ffff,1
89269614203ffff,1
8926961428fffff,1
892696076cbffff,1
89269602ba3ffff,3
89269602937ffff,1
89269602997ffff,3
89269615a5bffff,1
892696074abffff,1
89269615babffff,2
8926960660bffff,1
89269606633ffff,3
8926960644fffff,2
89269606443ffff,2
89269606453ffff,2
8926961594bffff,2
892696159cbffff,3
8926961598bffff,5
89269615933ffff,2
8926960648fffff,8
89269614a6fffff,26
89269614a7bffff,1
89269614a47ffff,2
89269615eb3ffff,1
89269615c43ffff,3
89269615cabffff,2
8926961422fffff,11
89269614223ffff,1
89269614a53ffff,3
89269614e0bffff,1
8926961417bffff,3
89269606493ffff,4
89269614a3bffff,4
89269614b87ffff,12
8926961494bffff,11
892696a963bffff,3
892696a9617ffff,12
892696a90cbffff,3
892696a9003ffff,16
892696a968bffff,3
89269614977ffff,6
892696a9433ffff,24
89269614abbffff,8
89269614a97ffff,9
8926961486bffff,3
8926961484fffff,9
89269614857ffff,1
892696149cfffff,6
89269614d6bffff,2
89269614d5bffff,6
89269614c83ffff,2
89269614da7ffff,13
892696ab273ffff,34
892696ab257ffff,9
892696ab227ffff,1
89269614d9bffff,6
892696ab64fffff,69
89269616b47ffff,2
892696a82cbffff,23
892696a95afffff,3
892696a828fffff,1
892696a8653ffff,57
892696a8603ffff,4
892696a804fffff,2
892696a8397ffff,20
892696a8637ffff,1
892696a8473ffff,1
892696a8083ffff,15
892696ab3dbffff,2
892696ab3d7ffff,1
892696ab053ffff,60
892696ab063ffff,7
892696ab007ffff,1
892696ab167ffff,1
892696ab1cfffff,3
892696ab1d7ffff,5
892696ab0d3ffff,35
892696ab457ffff,1
892696ab473ffff,1
892696ab403ffff,1
892696ab55bffff,4
892696ab50bffff,10
892696ab1afffff,4
892696a84d3ffff,1
892696aa267ffff,2
89269616a27ffff,2
89269616bd3ffff,1
89269616bbbffff,1
89269616863ffff,1
89269616187ffff,5
892696b9323ffff,1
892696b9213ffff,5
892696b928fffff,9
892696b9387ffff,1
8926960653bffff,2
892696ab63bffff,241
892696ab603ffff,36
8926961696fffff,8
892696a9567ffff,1
892696a9573ffff,1
892696a9503ffff,4
892696a810bffff,3
892696141d7ffff,1
89269616a6bffff,2
892696074c3ffff,5
892696074dbffff,1
89269615a43ffff,1
89269607473ffff,1
8926961586fffff,1
89269615ba3ffff,6
89269615b97ffff,2
8926961583bffff,9
89269606653ffff,1
892696066cfffff,1
8926960668bffff,1
89269606687ffff,3
89269615c23ffff,7
89269615c77ffff,1
89269615c57ffff,1
89269614207ffff,2
89269615d8fffff,1
89269614adbffff,4
89269615db7ffff,1
89269615ca3ffff,1
892696143c3ffff,5
89269614157ffff,2
89269614b5bffff,7
89269614a37ffff,5
89269614bcfffff,8
89269614b27ffff,22
89269614b8bffff,3
892696a928bffff,3
892696a904fffff,4
892696a9633ffff,2
892696a96abffff,5
892696a903bffff,11
892696a968fffff,5
892696a945bffff,4
892696149a7ffff,9
89269614aa3ffff,3
89269614cdbffff,3
89269614c2bffff,3
89269614c3bffff,2
89269614c8bffff,5
89269616b6bffff,7
89269614d07ffff,6
89269614dafffff,2
89269614da3ffff,18
892696ab2c7ffff,25
892696ab64bffff,18
892696a9507ffff,4
892696a8253ffff,34
892696a95a7ffff,7
892696ab373ffff,2
892696ab307ffff,9
892696a86cbffff,1
892696a8157ffff,21
892696a80bbffff,3
892696a86afffff,2
892696ab3d3ffff,9
892696ab383ffff,4
892696ab03bffff,7
892696ab17bffff,2
892696ab033ffff,2
892696ab0abffff,5
892696ab12bffff,2
892696ab107ffff,1
892696aa27bffff,1
892696aa053ffff,1
89269616a8bffff,6
8926961697bffff,21
8926961681bffff,1
89269616c67ffff,2
8926961611bffff,1
89269616527ffff,2
892696b9233ffff,27
892696b93d7ffff,1
892696b921bffff,6
892696b92a7ffff,1
892696ab453ffff,1
89269606547ffff,2
89269606593ffff,15
892696ab6bbffff,5
892696ab697ffff,3
892696a919bffff,17
89269614217ffff,2
892696141d3ffff,2
89269614553ffff,1
89269602bb7ffff,2
8926960740fffff,1
89269615b6fffff,1
89269615a77ffff,2
89269615837ffff,1
8926960664fffff,2
892696066c3ffff,2
89269606467ffff,12
89269606477ffff,9
8926960640bffff,4
89269615d6fffff,1
89269614a6bffff,6
89269614a63ffff,2
89269615c13ffff,1
89269614267ffff,4
89269615d63ffff,4
89269615d3bffff,3
8926961434bffff,3
89269614b7bffff,24
89269614b4fffff,1
89269614a27ffff,12
89269614bd7ffff,3
89269614b2bffff,8
89269614ba3ffff,9
89269614ba7ffff,9
89269614b83ffff,4
892696a901bffff,34
892696a90d3ffff,13
892696a955bffff,1
892696a96bbffff,6
89269614923ffff,13
892696ab26bffff,15
892696a94bbffff,8
8926961485bffff,5
89269614e07ffff,5
892696149cbffff,1
89269614897ffff,10
89269614ea3ffff,6
89269614c77ffff,1
89269614cabffff,20
89269614c17ffff,12
89269616b4bffff,4
89269614993ffff,2
892696ab25bffff,7
89269614d3bffff,15
892696ab2cbffff,15
892696ab213ffff,22
892696ab2d3ffff,6
892696ab66fffff,32
89269614dc3ffff,1
89269614dd7ffff,1
89269614d17ffff,3
892696ab67bffff,88
892696ab663ffff,44
892696ab677ffff,129
892696ab647ffff,50
892696a82d7ffff,4
892696a94b3ffff,2
892696ab357ffff,2
892696a8657ffff,13
892696a8677ffff,1
892696a8613ffff,1
892696a804bffff,2
892696a8047ffff,11
892696a81cfffff,1
892696a80afffff,1
892696a8633ffff,3
892696a80c7ffff,1
892696a86bbffff,2
892696a840bffff,12
892696a8477ffff,1
892696a8427ffff,2
892696ab31bffff,4
892696ab3c3ffff,6
892696ab01bffff,62
892696ab397ffff,5
892696ab45bffff,42
892696ab42bffff,2
892696ab0bbffff,3
892696ab0b3ffff,3
892696ab42fffff,6
892696ab427ffff,5
892696a8453ffff,12
892696a84c7ffff,2
892696ab117ffff,3
892696aa20fffff,2
892696aa227ffff,6
892696ab5abffff,15
89269616a3bffff,5
89269616a07ffff,1
89269616e47ffff,4
89269616e73ffff,1
89269616e23ffff,4
89269616847ffff,2
89269616827ffff,1
89269616807ffff,5
892696168d7ffff,4
892696b925bffff,12
89269616cbbffff,1
892696b907bffff,6
892696b9333ffff,1
892696b9143ffff,1
8926960658bffff,4
89269614b6fffff,11
892696065abffff,6
892696ab60bffff,10
892696ab633ffff,61
892696a91dbffff,58
892696aaa3bffff,2
892696141cfffff,7
892696141b7ffff,2
89269602b87ffff,5
8926960740bffff,1
892696074c7ffff,1
892696074b3ffff,1
89269607593ffff,31
89269615b0fffff,6
89269615a33ffff,1
89269615bdbffff,3
8926961582fffff,1
8926960609bffff,2
89269615973ffff,1
89269615947ffff,4
8926960649bffff,13
89269615c6fffff,2
89269615c33ffff,1
89269615c17ffff,1
8926961424fffff,2
89269614243ffff,3
8926961423bffff,9
89269615d37ffff,3
89269615da7ffff,3
89269614e4bffff,7
89269614e7bffff,5
8926961410bffff,2
89269614bcbffff,1
892696a9037ffff,10
892696a90cfffff,13
892696a9403ffff,48
892696a94a3ffff,11
89269614a83ffff,5
89269614847ffff,8
8926961495bffff,1
89269614827ffff,1
89269614817ffff,9
89269614d4bffff,3
89269614c03ffff,7
89269614cbbffff,20
89269614ca7ffff,5
892696149b7ffff,8
892696ab243ffff,5
89269614d63ffff,2
89269614d2bffff,20
892696ab203ffff,10
892696ab05bffff,27
89269614dc7ffff,5
89269616b0bffff,3
892696a8213ffff,1
892696a9533ffff,2
892696ab36bffff,14
892696a9513ffff,6
892696ab34fffff,5
892696a95b7ffff,1
892696ab337ffff,12
892696a8233ffff,6
892696a805bffff,16
892696a8073ffff,1
892696a8147ffff,2
892696ab3bbffff,14
892696ab1d3ffff,1
892696ab0cbffff,51
892696ab093ffff,8
892696ab52bffff,6
89269616e6fffff,1
8926961686bffff,1
89269616973ffff,1
892696161a7ffff,1
892696b924bffff,28
892696b9253ffff,29
892696b9357ffff,1
892696b980fffff,1
892696b93b3ffff,1
892696065cfffff,1
892696ab62bffff,170
892696ab6c7ffff,9
89269616ba7ffff,4
89269614023ffff,1
89269602bafffff,1
89269607413ffff,1
8926961586bffff,1
89269606647ffff,2
89269606603ffff,1
89269606613ffff,1
892696064cbffff,3
89269614a0fffff,3
892696158cfffff,1
89269615c63ffff,1
89269615c8fffff,1
8926961426bffff,3
89269615cafffff,1
89269615d13ffff,2
89269614a13ffff,5
89269614a9bffff,6
89269614e4fffff,2
89269614e6bffff,2
89269614e67ffff,9
89269614e0fffff,2
892696143dbffff,2
892696143cbffff,1
892696064b7ffff,4
89269614a23ffff,8
89269614a33ffff,2
89269614aafffff,3
89269614b77ffff,12
89269614b23ffff,26
89269614b93ffff,8
89269614947ffff,3
892696a900fffff,15
892696a9017ffff,25
892696a9467ffff,12
892696a96c7ffff,8
892696a9687ffff,3
8926961490fffff,3
892696149a3ffff,14
892696a9457ffff,5
892696a940fffff,32
892696a943bffff,36
892696a9437ffff,4
892696a9407ffff,33
892696ab26fffff,30
892696ab35bffff,6
89269614873ffff,8
892696148d3ffff,3
892696148b7ffff,3
89269614c13ffff,15
89269616b4fffff,6
89269616b57ffff,15
892696ab253ffff,16
892696ab27bffff,17
892696ab21bffff,30
892696ab277ffff,12
892696ab23bffff,26
892696ab2bbffff,64
892696ab667ffff,14
89269616b77ffff,3
892696a824fffff,1
892696a9537ffff,1
892696a82c7ffff,1
892696a95cfffff,1
892696a951bffff,1
892696a95c3ffff,3
892696ab32fffff,57
892696a864fffff,24
892696a865bffff,81
892696ab3afffff,11
892696a8287ffff,3
892696a800bffff,3
892696a8143ffff,43
892696a8447ffff,1
892696a808fffff,12
892696a85cbffff,1
892696ab077ffff,4
892696ab637ffff,39
892696ab0cfffff,51
892696ab0dbffff,56
892696ab447ffff,4
892696ab477ffff,5
892696ab543ffff,11
892696ab437ffff,1
892696aa25bffff,21
892696ab537ffff,6
892696ab5afffff,2
892696ab58fffff,10
89269616b5bffff,1
89269616aafffff,4
89269616a17ffff,2
89269616e3bffff,1
89269616ed7ffff,1
89269616e8fffff,1
89269616b9bffff,3
89269616b8fffff,3
8926961680fffff,1
892696168c7ffff,1
892696b934fffff,1
892696b93cfffff,1
892696b9317ffff,1
892696b9d73ffff,6
892696b93b7ffff,1
892696b822bffff,1
8926960654fffff,1
89269606557ffff,4
89269606407ffff,5
892696065bbffff,7
892696a91d7ffff,12
892696a9543ffff,6
892696a952bffff,3
892696aa023ffff,2
892696141dbffff,1
89269616a57ffff,1
89269616ad3ffff,7
89269607447ffff,3
8926960298fffff,2
892696075cbffff,1
89269607403ffff,1
892696074b7ffff,1
8926960758fffff,4
89269615b5bffff,1
892696066d7ffff,1
8926961598fffff,10
8926961599bffff,3
89269615937ffff,3
892696159afffff,7
892696159a3ffff,18
89269614a4bffff,6
89269614a0bffff,5
89269615c3bffff,3
89269615c03ffff,1
89269615c87ffff,1
8926961422bffff,10
8926961420fffff,3
89269614353ffff,10
892696143d3ffff,4
892696a965bffff,4
892696064bbffff,11
89269614b4bffff,2
89269614b43ffff,9
89269614b53ffff,2
89269614bc3ffff,7
89269614bdbffff,6
89269614aa7ffff,11
89269614b33ffff,13
892696a96cfffff,1
892696a904bffff,1
892696a90afffff,2
892696a90d7ffff,23
892696a946fffff,41
892696a954bffff,3
89269614973ffff,1
8926961492fffff,8
892696a94afffff,6
892696a94d3ffff,11
892696a9483ffff,34
8926961481bffff,3
89269614807ffff,8
892696148bbffff,5
89269614eb7ffff,1
89269614cb7ffff,3
8926961491bffff,2
89269614d2fffff,5
892696ab28fffff,27
89269614d1bffff,2
89269616b27ffff,5
892696a953bffff,1
892696a820bffff,21
892696a82dbffff,15
892696a9517ffff,1
892696ab367ffff,26
892696a9597ffff,32
892696ab323ffff,1
892696a86cfffff,2
892696ab16fffff,8
892696a83c3ffff,8
892696a82b3ffff,2
892696a862fffff,4
892696a86a3ffff,24
892696a868fffff,1
892696a86b3ffff,2
892696ab06fffff,4
892696ab04fffff,7
892696ab047ffff,12
892696ab00bffff,73
892696ab113ffff,1
892696ab6afffff,30
892696ab6a7ffff,50
892696ab083ffff,22
892696ab43bffff,1
892696ab54fffff,29
892696ab577ffff,13
892696ab557ffff,1
892696ab5c3ffff,1
892696a84d7ffff,2
892696aa223ffff,2
892696ab533ffff,11
89269616bd7ffff,5
89269616b87ffff,2
89269616837ffff,1
89269616bb7ffff,4
89269616943ffff,1
89269616803ffff,1
892696161d7ffff,1
89269616183ffff,3
892696b92cbffff,14
892696b91cfffff,1
8926960651bffff,4
892696065afffff,27
89269606583ffff,2
892696ab6abffff,43
892696ab6d7ffff,11
892696a90a7ffff,1
892696a918bffff,20
892696a9523ffff,2
892696a950bffff,1
8926961456bffff,1
892696076c7ffff,2
89269602bb3ffff,9
89269607697ffff,1
892696060c3ffff,2
89269606403ffff,3
8926961592bffff,2
892696159d7ffff,6
8926961591bffff,3
892696064dbffff,4
892696064d3ffff,2
89269615e77ffff,1
89269615cc7ffff,1
89269614247ffff,2
89269615d77ffff,2
89269615dbbffff,1
89269615d33ffff,9
89269614343ffff,1
89269614357ffff,4
892696142afffff,1
89269614143ffff,1
89269606487ffff,4
89269614b57ffff,7
89269614b07ffff,10
89269614bafffff,11
89269614b13ffff,7
89269614b9bffff,3
892696a929bffff,2
892696a905bffff,2
892696a9667ffff,1
892696a96a7ffff,6
892696a9047ffff,2
89269614937ffff,3
892696a94c3ffff,8
892696a948fffff,22
89269614e37ffff,3
892696148afffff,3
89269614ccfffff,7
89269614cd3ffff,1
892696149c7ffff,7
892696149d7ffff,1
89269614d6fffff,1
89269614d77ffff,2
89269614d0fffff,2
892696ab2b3ffff,23
892696ab04bffff,19
89269614db3ffff,7
89269614d97ffff,3
892696a82cfffff,13
892696a94a7ffff,8
892696a959bffff,23
892696a9593ffff,57
892696ab37bffff,1
892696ab34bffff,1
892696ab347ffff,9
892696a83dbffff,15
892696a8387ffff,1
892696a8617ffff,2
892696a86a7ffff,5
892696a843bffff,2
892696ab173ffff,3
892696ab0a3ffff,1
892696ab1c7ffff,3
892696ab567ffff,7
892696ab0c7ffff,24
892696ab467ffff,8
892696ab097ffff,71
892696ab563ffff,20
892696ab513ffff,34
892696ab12fffff,1
892696ab127ffff,8
892696ab1a7ffff,1
892696aa2cfffff,2
89269616bdbffff,7
892696169cfffff,1
8926961689bffff,1
89269616ddbffff,1
892696b920bffff,3
892696b9207ffff,1
892696b92abffff,2
892696b92a3ffff,10
892696ab4c7ffff,1
892696065d3ffff,19
892696a91c3ffff,5
892696a956bffff,2
89269614027ffff,6
892696141cbffff,14
89269617463ffff,1
89269616ad7ffff,1
89269602963ffff,2
8926960744fffff,1
89269607443ffff,1
8926960292bffff,2
89269607457ffff,1
89269615a7bffff,1
89269607583ffff,16
89269615a67ffff,2
89269615bb3ffff,1
892696066c7ffff,1
8926960640fffff,3
8926961592fffff,2
89269615953ffff,1
8926960648bffff,4
89269614a2bffff,9
89269614a73ffff,2
89269614263ffff,2
89269614277ffff,11
89269614273ffff,1
89269615d67ffff,1
89269615c37ffff,5
89269614ac3ffff,3
89269614ad3ffff,2
89269614227ffff,4
89269614b63ffff,18
89269614bd3ffff,4
89269614b73ffff,1
89269614bbbffff,10
892696a9283ffff,4
892696a960fffff,10
892696a9007ffff,37
892696a946bffff,11
892696a9093ffff,16
8926961496fffff,8
89269614a87ffff,2
89269614ab7ffff,9
892696148cfffff,3
8926961482bffff,15
89269614833ffff,11
89269614c07ffff,10
89269614c27ffff,4
89269614d33ffff,1
892696ab28bffff,27
892696ab29bffff,26
892696ab2a3ffff,25
89269616b0fffff,1
89269616bafffff,5
892696a8257ffff,30
892696a95d7ffff,11
892696a9583ffff,5
892696ab343ffff,6
892696ab30bffff,2
892696a9587ffff,3
892696a82afffff,30
892696a839bffff,14
892696a82bbffff,1
892696a8067ffff,1
892696a814bffff,22
892696a8153ffff,1
892696a802bffff,1
892696a844fffff,1
892696ab3c7ffff,4
892696ab313ffff,13
892696ab1dbffff,3
892696ab463ffff,7
892696ab40fffff,5
892696ab087ffff,6
892696ab187ffff,2
892696aa24bffff,4
892696aa277ffff,4
892696ab507ffff,8
89269616a8fffff,6
89269616ab3ffff,2
89269616e53ffff,1
8926961683bffff,2
89269616833ffff,2
89269616967ffff,1
89269616917ffff,2
89269616953ffff,3
89269616c6bffff,4
8926961616bffff,1
89269616cb3ffff,1
892696b92b7ffff,4
892696b9393ffff,1
892696b9027ffff,1
8926960642fffff,2
8926960655bffff,1
892696a92c3ffff,5
892696a967bffff,1
892696ab6c3ffff,14
89269602973ffff,2
89269602967ffff,2
8926960748fffff,1
892696075c3ffff,1
89269615a63ffff,8
8926961587bffff,1
8926960663bffff,1
89269606473ffff,16
892696159dbffff,3
892696159d3ffff,4
892696159b3ffff,22
89269614a77ffff,7
89269614ad7ffff,5
89269614e43ffff,2
8926961434fffff,2
892696143cfffff,5
89269606497ffff,23
89269614bc7ffff,7
89269614b37ffff,33
892696a96dbffff,8
892696a9057ffff,6
892696a90c3ffff,6
892696a90c7ffff,20
892696a908bffff,7
892696a944fffff,2
89269614967ffff,6
892696a9477ffff,13
892696a94abffff,31
892696a9487ffff,17
892696a949bffff,3
892696ab22fffff,41
89269614e2bffff,4
89269614e23ffff,1
89269614867ffff,3
89269614877ffff,5
892696149c3ffff,3
89269614887ffff,9
89269614d4fffff,3
89269614983ffff,4
89269614d67ffff,1
892696ab263ffff,20
892696ab223ffff,41
89269616b2bffff,19
892696ab673ffff,45
892696ab377ffff,3
892696ab303ffff,2
892696a864bffff,76
892696a95b3ffff,4
892696a86dbffff,6
892696ab3a7ffff,2
892696a8023ffff,2
892696a8027ffff,2
892696a846bffff,22
892696a8417ffff,1
892696ab067ffff,3
892696ab017ffff,93
892696ab1cbffff,8
892696ab0a7ffff,7
892696ab56bffff,6
892696ab013ffff,26
892696ab08bffff,6
892696ab46fffff,38
892696ab59bffff,1
892696ab193ffff,3
892696a8493ffff,1
89269616e33ffff,10
8926961692bffff,1
8926961616fffff,1
89269616167ffff,2
892696b9243ffff,20
892696b920fffff,4
892696b93bbffff,2
8926960642bffff,1
892696065a7ffff,1
8926961696bffff,19
892696ab683ffff,9
892696a956fffff,2
8926961406bffff,1
89269614033ffff,2
